{
  "model_name": "piecewise",
  "params": {
    "F": 4273.115776094898,
    "m1": 36.91816118806795,
    "m2": 19.03133289763515,
    "m3": 2.704672256195961,
    "b1": 500.0,
    "b2": 1300.0
  }
}